Nom;Distance (km);Dénivelé (m);Localisation;Nombre de jours;Réalisé;Lien PDF;Lien
GR®1 Tour d'Ile de France;546,0;5722,0;;24,1;;;https://www.gr-infos.com/gr1.htm
GR®2 Sentier de la Seine;858,0;12384,0;;39,3;;;https://www.gr-infos.com/gr2.htm
GR®3 Sentier de la Loire;1300,0;15823,0;;58,3;;;https://www.gr-infos.com/gr3.htm
GR®3C De Gien (Loiret) à Huisseau-sur-Cosson (Loir-et-Cher);150,0;490,0;une multitude dâ;6,2;;;https://www.gr-infos.com/gr3_C.htm
GR®3F De Lafarre (Haute-Loire) à Apinac (Loire);129,0;3692,0;;6,6;;;https://www.gr-infos.com/gr3_F.htm
GR®4 De l'Atlantique à la Méditerranée;1578,0;35972,0;la France d;77,5;;;https://www.gr-infos.com/gr4.htm
GR®5 Du Luxembourg à la Méditerranée;1526,0;56777,0;nt les collines verdoyantes du Luxembourg;83,8;;;https://www.gr-infos.com/gr5.htm
GR®5B De la Cabane Pastorale des Thures à l'Oratoire Saint Roch (Hautes-Alpes);14,6;839,0;;0,9;;;https://www.gr-infos.com/gr5_B.htm
GR®5C De Névache à Briançon (Hautes-Alpes);23,81;1156,0;;1,4;;;https://www.gr-infos.com/gr5_C.htm
GR®5E De Bonneval-sur-Arc à Modane (Savoie);45,0;910,0;le parc national de la Vanoise;2,2;;;https://www.gr-infos.com/gr5_E.htm
GR®5F Vallée de la Moselle;405,0;7926,0;;19,4;;;https://www.gr-infos.com/gr5_F.htm
GR®5G De Saarbrücken (Allemagne) à Metz (Moselle);96,0;1439,0;le dÃ;4,4;;;https://www.gr-infos.com/gr5_G.htm
GR®6 De la Gironde aux Alpes-de-Haute-Provence;1339,0;33812,0;la France d;67,1;;;https://www.gr-infos.com/gr6.htm
GR®7 Des Vosges aux Pyrénées;1467,0;38934,0;la France du nord au sud sur;74,3;;;https://www.gr-infos.com/gr7.htm
GR®8 De Saint-Brevin-les-Pins (Loire-Atlantique) au fleuve de la Sèvre Niortaise (Vendée);266,0;528,0;;10,9;;;https://www.gr-infos.com/gr8.htm
GR®9 Du Jura à la Méditerranée;970,0;37883,0;la France;54,0;;;https://www.gr-infos.com/gr9.htm
GR®10 La Grande traversÃ©e des PyrÃ©nÃ©es;900,0;55071,0;des parcs naturels tels que le Parc national des PyrÃ;58,0;;;https://www.gr-infos.com/gr10.htm
GR®11 Tour du Pays d’Ile de France;657,0;6766,0;des rÃ;29,0;;;https://www.gr-infos.com/gr11.htm
GR®12 De Gué-d'Hossus (Ardennes) aux Etangs de Commelles (Oise);284,0;3576,0;;12,8;;;https://www.gr-infos.com/gr12.htm
GR®13 Du GÃ¢tinais (Seine-et-Marne) au Morvan (Saône-et-Loire);462,0;8158,0;;21,7;;;https://www.gr-infos.com/gr13.htm
GR®14 Sentier des Ardennes;247,0;3084,0;;11,1;;;https://www.gr-infos.com/gr14.htm
GR®14A De Vincennes (Val-de-Marne) à Nogent-l'Artaud (Aisne);126,0;1294,0;les dÃ;5,6;;;https://www.gr-infos.com/gr14_A.htm
GR®14B De Outines (Marne) à Lochères (Meuse);135,0;995,0;les rÃ;5,8;;;https://www.gr-infos.com/gr14_B.htm
GR®20 Traversée de la Corse;178,0;12536,0;des terrains variÃ;12,1;;;https://www.gr-infos.com/gr20.htm
GR®21 Sentier des Falaises;194,0;2792,0;la Seine-Maritime;8,9;;;https://www.gr-infos.com/gr21.htm
GR®22 Sentier du Mont Saint-Michel;567,0;7295,0;Ã;25,6;;;https://www.gr-infos.com/gr22.htm
GR®23 De La Bouille (Seine-Maritime) à Honfleur (Calvados);125,0;1983,0;le dÃ;5,8;;;https://www.gr-infos.com/gr23.htm
GR®25 De Sotteville-sous-le-Val à Montville (Seine-Maritime);79,0;865,0;la magnifique rÃ;3,5;;;https://www.gr-infos.com/gr25.htm
GR®26 De Villennes-sur-Seine (Yvelines) à Villers-sur-Mer (Calvados);306,0;3814,0;les dÃ;13,8;;;https://www.gr-infos.com/gr26.htm
GR®30 Tour des volcans et lacs d'Auvergne (Puy-de-Dôme);197,0;5488,0;;10,1;;;https://www.gr-infos.com/gr30.htm
GR®31 A travers la Sologne (Nièvre, Cher, Loir-et-Cher);283,0;2345,0;Ã;12,3;;;https://www.gr-infos.com/gr31.htm
GR®32 De St-Fargeau-Ponthierry (Seine-et-Marne) à Chécy (Loiret);136,0;699,0;une sÃ;5,7;;;https://www.gr-infos.com/gr32.htm
GR®34 Sentier des douaniers;2106,0;16749,0;plusieurs rÃ;90,9;;;https://www.gr-infos.com/gr34.htm
GR®34A De Bréhec à Perros-Guirec (Côtes-d'Armor);158,0;2252,0;le pittoresque dÃ;7,2;;;https://www.gr-infos.com/gr34_A.htm
GR®34C De l'étang de Néal (Côtes-d'Armor) à Dinard (Ille-et-Vilaine);66,0;676,0;les rÃ;2,9;;;https://www.gr-infos.com/gr34_C.htm
GR®34E Du Pont de Saint-Maurice (Finistère) au Pont Neuf (Morbihan);45,0;771,0;rez des lieux charmants tels que QuimperlÃ;2,1;;;https://www.gr-infos.com/gr34_E.htm
GR®35 De La Loupe (Eure-et-Loir) Ã  Rochefort-sur-Loire (Maine-et-Loire);433,0;2947,0;;18,5;;;https://www.gr-infos.com/gr35.htm
GR®36 De la Manche aux Pyrénées;1928,0;38098,0;la France d;92,4;;;https://www.gr-infos.com/gr36.htm
GR®37 Cœur de Bretagne;780,0;9461,0;les dÃ;35,0;;;https://www.gr-infos.com/gr37.htm
GR®38 De Douarnenez (Finistère) à Redon (Ille-et-Vilaine);366,0;4924,0;des zones naturelles telles que la forÃ;16,6;;;https://www.gr-infos.com/gr38.htm
GR®39 Du Mont St Michel (Manche) à Hoscas (Loire-Atlantique);314,0;3400,0;la Haute-Bretagne du Nord au Sud;13,9;;;https://www.gr-infos.com/gr39.htm
GR®40 Tour des Volcans du Velay (Haute-Loire);188,0;4752,0;;9,4;;;https://www.gr-infos.com/gr40.htm
GR®41 Vallée du Cher;445,0;4622,0;;19,6;;;https://www.gr-infos.com/gr41.htm
GR®42 Balcons du Rhône;453,0;9753,0;des villages pittoresques et des villes chargÃ;22,0;;;https://www.gr-infos.com/gr42.htm
GR®43 Du Col des FaÃ¯sses à Sainte Eulalie (Lozère);108,0;2872,0;une mosaÃ;5,5;;;https://www.gr-infos.com/gr43.htm
GR®44 Des Vans (Ardèche) à Champerboux (Lozère);93,0;3303,0;;5,0;;;https://www.gr-infos.com/gr44.htm
GR®44B Des Vans (Ardèche) à la Montagne de la Vieille Morte (Lozère);76,0;2853,0;rez Banne;4,2;;;https://www.gr-infos.com/gr44_B.htm
GR®46 De Tours (Indre-et-Loire) à Toulouse (Haute-Garonne);972,0;16253,0;;45,4;;;https://www.gr-infos.com/gr46.htm
GR®48 De Chinon (Indre-et-Loire) Ã  La RibiÃ¨re (Haute-Vienne);318,0;3224,0;z;14,0;;;https://www.gr-infos.com/gr48.htm
GR®49 De Saint RaphaÃ«l (Var) à Rougon (Alpes de Haute-Provence);107,0;3912,0;le Var et les Alpes de Haute-Provence;5,8;;;https://www.gr-infos.com/gr49.htm
GR®50 Tour du Parc National des Ecrins (Hautes-Alpes, Isère);371,0;19016,0;r des forÃ;22,4;;;https://www.gr-infos.com/gr50.htm
GR®51 Balcon de la Méditerranée;436,0;15214,0;;23,5;;;https://www.gr-infos.com/gr51.htm
GR®52 De Entraunes à Menton (Alpes-Maritimes);214,0;12571,0;des paysages de haute montagne;13,6;;;https://www.gr-infos.com/gr52.htm
GR®53 De Wissembourg (Bas-Rhin) au col de l'Engin (Moselle);164,0;5927,0;des villages pittoresques tels que Climbach;8,9;;;https://www.gr-infos.com/gr53.htm
GR®54 Tour des massifs de l'Oisans et des Ecrins (Isère, Hautes-Alpes);184,0;11982,0;des paysages variÃ;12,2;;;https://www.gr-infos.com/gr54.htm
GR®55 Parc National de la Vanoise De Tignes à Modane (Savoie);54,0;2495,0;le magnifique Parc National de la Vanoise Ã  travers les paysages alpins de la Savoie;3,2;;;https://www.gr-infos.com/gr55.htm
GR®56 Tour de l'Ubaye (Alpes-de-Haute-Provence, Alpes-Maritimes);152,0;8720,0;;9,6;;;https://www.gr-infos.com/gr56.htm
GR®57 Tour du Mont Thabor (Hautes-Alpes);84,0;5152,0;nt;5,4;;;https://www.gr-infos.com/gr57.htm
GR®58 Tour du Queyras (Hautes-Alpes);107,0;7674,0;;7,3;;;https://www.gr-infos.com/gr58.htm
GR®59 Des Vosges au Jura;605,0;16380,0;plusieurs zones naturelles protÃ;30,8;;;https://www.gr-infos.com/gr59.htm
GR®60 Du Signal de Mailhebiau (Lozère-Aveyron) à St Mathieu-de-Tréviers (Hérault);176,0;4516,0;la LozÃ;8,8;;;https://www.gr-infos.com/gr60.htm
GR®61 De Anduze au Col de l'Asclier (Gard-Cévennes);35,0;1722,0;le Parc National des CÃ;2,1;;;https://www.gr-infos.com/gr61.htm
GR®62 De Conques (Aveyron) Ã  Roque-Rouge (Gard);222,0;6279,0;;11,4;;;https://www.gr-infos.com/gr62.htm
GR®62A Du Ravin de Combescure (Aveyron) à Meyrueis (Lozère);26,0;538,0;lâ;1,3;;;https://www.gr-infos.com/gr62_A.htm
GR®63 De Avignon (Vaucluse) au col de la Cabane-Vieille (Gard);149,0;2676,0;des lieux emblÃ;7,0;;;https://www.gr-infos.com/gr63.htm
GR®64 Du pont sur l'Ouysse (Lot) aux Eyzies-de-Tayac-Sireuil (Dordogne);84,0;1686,0;des villages charmants et authentiques;4,0;;;https://www.gr-infos.com/gr64.htm
GR®65 Chemin de St Jacques de Compostelle;1139,0;23811,0;;55,1;;;https://www.gr-infos.com/gr65.htm
GR®66 Tour du Mont Aigoual (Parc national des Cévennes);82,0;2829,0;;4,4;;;https://www.gr-infos.com/gr66.htm
GR®67 Tour du Pays Cévenol (Gard, Lozère);125,0;3690,0;les dÃ;6,5;;;https://www.gr-infos.com/gr67.htm
GR®68 Tour du Mont Lozère (Gard, Lozere);115,0;4338,0;;6,3;;;https://www.gr-infos.com/gr68.htm
GR®69 La Routo;404,0;11059,0;la plaine de la Crau;20,6;;;https://www.gr-infos.com/gr69.htm
GR®70 Sentier Stevenson;268,0;0,0;des paysages variÃ;10,7;;;https://www.gr-infos.com/gr70.htm
GR®71 De L'Espérou (Gard) à Lodève (Hérault);74,0;1181,0;les magnifiques paysages du Gard;3,4;;;https://www.gr-infos.com/gr71.htm
GR®71C Tour des Templiers et des Hospitaliers (Aveyron);77,0;1474,0;le Causse du Larzac;3,7;;;https://www.gr-infos.com/gr71_C.htm
GR®71D Tour du Larzac (Aveyron);105,0;1689,0;;4,9;;;https://www.gr-infos.com/gr71_D.htm
GR®72 Du Col du Bez (Ardèche) à Barre des Cévennes (Lozère);100,0;3199,0;Saint-Laurent-les-Bains;5,3;;;https://www.gr-infos.com/gr72.htm
GR®74 De St Maurice-Navacelles au Jouquet (Hérault);41,0;1501,0;Ranquet;2,2;;;https://www.gr-infos.com/gr74.htm
GR®75 Tour de Paris;51,0;367,0;neuf arrondissements pÃ;2,2;;;https://www.gr-infos.com/gr75.htm
GR®76 De Chagny (Saône-et-Loire) à Affoux (Rhône);184,0;5919,0;plusieurs villages viticoles pittoresques tels que Saint-Martin-sous-Montaigu;9,7;;;https://www.gr-infos.com/gr76.htm
GR®76A De St-Vallerin (Saône-et-Loire) au Mt Saint-Rigaud (Rhône);106,0;2650,0;plusieurs villages historiques tels que Sennecey-le-Grand;5,3;;;https://www.gr-infos.com/gr76_A.htm
GR®76B Du Martrat (Le Rousset) à Tournus (Saône-et-Loire);52,0;750,0;;2,4;;;https://www.gr-infos.com/gr76_B.htm
GR®77 Du Saut de Vézoles (Hérault) au Signal de l'Alaric (Aude);82,0;2022,0;;4,1;;;https://www.gr-infos.com/gr77.htm
GR®78 Voie du Piémont;593,0;13717,0;les contreforts des PyrÃ;29,2;;;https://www.gr-infos.com/gr78.htm
GR®80 Tour de L'île d'Yeu (Vendée);27,0;86,0;rez des villages pittoresques comme Saint-Sauveur;1,1;;;https://www.gr-infos.com/gr80.htm
GR®86 De Toulouse à Bagnères-de-Luchon (Haute-Garonne);277,0;5674,0;;13,3;;;https://www.gr-infos.com/gr86.htm
GR®89 Chemin de Montaigne;515,0;9882,0;;24,6;;;https://www.gr-infos.com/gr89.htm
GR®90 Du Lavandou à Notre Dame des Anges (Var);40,0;1942,0;;2,4;;;https://www.gr-infos.com/gr90.htm
GR®91 Traversée des Hauts Plateaux du Vercors;261,0;10313,0;;14,6;;;https://www.gr-infos.com/gr91.htm
GR®93 Traversée du Vercors;231,0;10480,0;;13,4;;;https://www.gr-infos.com/gr93.htm
GR®94 De Vaunières au Col des Praux (Hautes-Alpes);120,0;6224,0;;7,3;;;https://www.gr-infos.com/gr94.htm
GR®95 De Saillans à Lus-la-Croix-Haute (Drôme);81,0;4481,0;des forÃ;5,0;;;https://www.gr-infos.com/gr95.htm
GR®96 De SamoÃ«ns (Haute-Savoie) à Aix-les-Bains (Savoie);207,0;11917,0;Magland;13,0;;;https://www.gr-infos.com/gr96.htm
GR®98;61,0;4242,0;les cÃ;4,1;;;https://www.gr-infos.com/gr98.htm
De La Madrague au Col du Pilon (Bouches-du-Rhône);61,0;4242,0;les cÃ;4,1;;;https://www.gr-infos.com/gr98.htm
GR®99 De Revest-les-Eaux à Trigance (Var);179,0;5701,0;des forÃ;9,4;;;https://www.gr-infos.com/gr99.htm
GR®101 De Maubourguet au Col de Saucède (Hautes-Pyrénées);90,0;2765,0;Labatut;4,7;;;https://www.gr-infos.com/gr101.htm
GR®105 Chemin de la vallée dâAure;56,0;2812,0;HÃ;3,4;;;https://www.gr-infos.com/gr105.htm
GR®107 Chemin des Bonshommes (Ariège, Aude, Pyrénées Orientales);125,0;6832,0;nt Leychert;7,7;;;https://www.gr-infos.com/gr107.htm
GR®108 Voie d'Ossau (Pyrénées-Atlantiques);45,0;2422,0;plusieurs villages pittoresques tels que Louvie-Juzon;2,8;;;https://www.gr-infos.com/gr108.htm
GR®113 De Provins (Seine-et-Marne) à Auxerre (Yonne);165,0;2286,0;Chalautre-la-Petite;7,5;;;https://www.gr-infos.com/gr113.htm
GR®120 Sentier du Littoral;299,0;1217,0;les merveilles naturelles de la cÃ;12,4;;;https://www.gr-infos.com/gr120.htm
GR®121 De Bon-Secours (Belgique) à Equihen-Plage (Pas-de-Calais);283,0;1909,0;les dÃ;12,1;;;https://www.gr-infos.com/gr121.htm
GR®121B De Bailleul (Frontière France-Belgique) à Rieulay (Nord);123,0;324,0;ensuite Villeneuve-d;5,0;;;https://www.gr-infos.com/gr121_B.htm
GR®121C De Aubigny-au-Bac à Le Quesnoy (Nord);51,75;250,0;FÃ;2,2;;;https://www.gr-infos.com/gr121_C.htm
GR®122 Bon-Secours (Belgique) à Son (Ardennes);223,0;1834,0;le dÃ;9,7;;;https://www.gr-infos.com/gr122.htm
GR®123 De Contes (Pas-de-Calais) à Carlepont (Oise);244,0;2336,0;dâ;10,7;;;https://www.gr-infos.com/gr123.htm
GR®124 De Rebreuviette (Pas-de-Calais) Ã  Cires-lÃ¨s-Mello (Oise);222,0;2554,0;;9,9;;;https://www.gr-infos.com/gr124.htm
GR®125 De la Cressonnière (Val-d'Oise) à St Valery-sur-Somme (Somme);255,0;3131,0;;11,5;;;https://www.gr-infos.com/gr125.htm
GR®127 De DennebrÅucq à Duisans (Pas-de-Calais);98,0;1209,0;des paysages verdoyants et des chemins bordÃ;4,4;;;https://www.gr-infos.com/gr127.htm
GR®128 Route de Flandre;152,0;1659,0;;6,7;;;https://www.gr-infos.com/gr128.htm
GR®130 De Oost-Cappel (Frontière France-Belgique) à Buysscheure (Nord);56,0;170,0;;2,3;;;https://www.gr-infos.com/gr130.htm
GR®131 Du Mont-Beuvray (Morvan) à Issy-l'Evêque (Saône-et-Loire);103,0;2175,0;;5,0;;;https://www.gr-infos.com/gr131.htm
GR®132 De La Sausselière (Loiret) à Chaumot (Yonne);36,34;302,0;;1,6;;;https://www.gr-infos.com/gr132.htm
GR®137 De Autun (Saône-et-Loire) à Nolay (Côte-d'Or);51,0;986,0;;2,4;;;https://www.gr-infos.com/gr137.htm
GR®142 De Verzenay (Marne) à Laon (Aisne);108,0;1569,0;;4,9;;;https://www.gr-infos.com/gr142.htm
GR®145 Via Francigena;1005,0;10695,0;;44,5;;;https://www.gr-infos.com/gr145.htm
GR®169 Tour de Lyon (Rhône);171,0;2205,0;;7,7;;;https://www.gr-infos.com/gr169.htm
GR®210 De Dieppe à Rouen (Seine-Maritime);85,0;1059,0;;3,8;;;https://www.gr-infos.com/gr210.htm
GR®211 De Veulettes-sur-Mer à Caudebec-en-Caux (Seine-Maritime);61,0;1020,0;;2,8;;;https://www.gr-infos.com/gr211.htm
GR®212 De Ste Marguerite-sur-Mer à Le Paulu (Seine-Maritime);68,0;737,0;;3,0;;;https://www.gr-infos.com/gr212.htm
GR®213 De Chamesson (Côte-d'Or) à Vézelay (Yonne);114,92;1505,0;;5,2;;;https://www.gr-infos.com/gr213.htm
GR®221 De Coutances (Manche) Ã  Verneuil d'Avre et d'Iton (Eure);329,0;4524,0;;15,0;;;https://www.gr-infos.com/gr221.htm
GR®222 De Pîtres à Verneuil d'Avre et d'Iton (Eure);129,0;1216,0;;5,6;;;https://www.gr-infos.com/gr222.htm
GR®223 Littoral de la Normandie;619,0;3931,0;des villes chargÃ;26,3;;;https://www.gr-infos.com/gr223.htm
GR®223A Balcons de Cherbourg;30,89;456,0;;1,4;;;https://www.gr-infos.com/gr223_A.htm
GR®223B De la Grande Maresquière au Pont de la Roque (Manche);33,3;314,0;;1,5;;;https://www.gr-infos.com/gr223_B.htm
GR®224 De Berville-sur-Mer à Verneuil d'Avre et d'Iton (Eure);153,79;1687,0;;6,8;;;https://www.gr-infos.com/gr224.htm
GR®226 De Vaux (Calvados) à Gué-Rochoux (Manche);62,13;975,0;;2,9;;;https://www.gr-infos.com/gr226.htm
GR®235 De La Touzelière à La Vallée de la Flotte (Sarthe);210,91;1367,0;;9,0;;;https://www.gr-infos.com/gr235.htm
GR®300 Chemin de Saint Michel;378,0;5912,0;des rÃ;17,5;;;https://www.gr-infos.com/gr300.htm
GR®303 Terre des Bourbons;263,0;2584,0;;11,6;;;https://www.gr-infos.com/gr303.htm
GR®340 Tour de Belle-Ile-en-Mer (Morbihan);75,26;1674,0;;3,7;;;https://www.gr-infos.com/gr340.htm
GR®341 De Lanester (Morbihan) à l'Ecluse de Bellevue (Côtes-d'Armor);168,9;2396,0;;7,7;;;https://www.gr-infos.com/gr341.htm
GR®342 De MontluÃ§on (Allier) à Roanne (Loire);233,0;4610,0;;11,2;;;https://www.gr-infos.com/gr342.htm
GR®360 Tour de Saintonge;465,0;3694,0;;20,1;;;https://www.gr-infos.com/gr360.htm
GR®364 Du Poitou à l'Océan;495,0;4305,0;;21,5;;;https://www.gr-infos.com/gr364.htm
GR®365 De La Chapelle-Janson (Ille-et-Vilaine) à Durtal (Maine-et-Loire);296,0;2784,0;;13,0;;;https://www.gr-infos.com/gr365.htm
GR®367 Sentier Cathare;229,0;7908,0;;12,3;;;https://www.gr-infos.com/gr367.htm
GR®367A Sentier Cathare Variante;72,0;2587,0;;3,9;;;https://www.gr-infos.com/gr367_A.htm
GR®380 Tour des Monts d'Arrée (Finistère, Côtes-d'Armor);281,0;4092,0;;12,9;;;https://www.gr-infos.com/gr380.htm
GR®400 Tour des Volcans du Cantal (Auvergne);134,31;6416,0;;7,9;;;https://www.gr-infos.com/gr400.htm
GR®406 Route Napoléon;164,41;4840,0;;8,5;;;https://www.gr-infos.com/gr406.htm
GR®413 De Huisseau-sur-Cosson à Villefranche-sur-Cher (Loir-et-Cher);66,14;263,0;;2,8;;;https://www.gr-infos.com/gr413.htm
GR®420 Tour du Haut-Vivarais (Ardèche);234,03;7084,0;;12,2;;;https://www.gr-infos.com/gr420.htm
GR®422 Sur les pas de Charles IX;269,3;3520,0;;12,2;;;https://www.gr-infos.com/gr422.htm
GR®429 De Dieulefit (Drôme) à Viviers (Ardèche);47,0;1008,0;;2,3;;;https://www.gr-infos.com/gr429.htm
GR®430 Chemin de Saint Régis (Haute-Loire, Ardèche);205,0;5420,0;;10,4;;;https://www.gr-infos.com/gr430.htm
GR®440 Tour de la montagne Limousine (Corrèze, Haute-Vienne, Creuse);194,0;4199,0;;9,4;;;https://www.gr-infos.com/gr440.htm
GR®441 Tour de la Chaîne des Puys (Puy-de-Dôme);114,0;2659,0;;5,6;;;https://www.gr-infos.com/gr441.htm
GR®461 De Montignac-Lascaux à Terrasson-Lavilledieu (Dordogne);27,54;689,0;;1,4;;;https://www.gr-infos.com/gr461.htm
GR®465 De Murat (Cantal) à Conques (Aveyron);133,0;4891,0;;7,3;;;https://www.gr-infos.com/gr465.htm
GR®470 Sources et Gorges de l'Allier (Haute-Loire, Lozère);180,0;5753,0;;9,5;;;https://www.gr-infos.com/gr470.htm
GR®480 De Turenne aux Gorges de la Cère (Corrèze);63,62;1692,0;;3,2;;;https://www.gr-infos.com/gr480.htm
GR®509 Grande Traversée du Jura;394,0;12071,0;des sites emblÃ;20,6;;;https://www.gr-infos.com/gr509.htm
GR®510 Sentier des 8 Vallées (Alpes-Maritimes);235,24;13539,0;;14,8;;;https://www.gr-infos.com/gr510.htm
GR®531 Traversée du Massif des Vosges;390,0;12734,0;;20,7;;;https://www.gr-infos.com/gr531.htm
GR®532 Crête des Vosges et hautes vallées vosgiennes;510,0;14778,0;des Ã;26,3;;;https://www.gr-infos.com/gr532.htm
GR®533 Crêtes et lacs des Vosges;242,0;7867,0;;12,8;;;https://www.gr-infos.com/gr533.htm
GR®534 Sentier Stanislas-Kléber;217,0;2887,0;nt LunÃ;9,8;;;https://www.gr-infos.com/gr534.htm
GR®559 De Lons-le-Saunier aux Rousses (Jura);91,0;2709,0;;4,7;;;https://www.gr-infos.com/gr559.htm
GR®559A Du Bayard (Foncine-le-Haut) à La Clouterie (Bonlieu) (Jura);28,58;703,0;;1,4;;;https://www.gr-infos.com/gr559_A.htm
GR®620 Horizons et clochers du Rouergue;46,87;1082,0;;2,3;;;https://www.gr-infos.com/gr620.htm
GR®636 De Bernasse (Dordogne) à Lacapelle-Biron (Lot-et-Garonne);73,0;1054,0;;3,3;;;https://www.gr-infos.com/gr636.htm
GR®646 De Périgueux (Dordogne) à Ste-Foy-la-Grande (Gironde);116,0;1621,0;;5,3;;;https://www.gr-infos.com/gr646.htm
GR®651 Vallée du Célé (Lot);55,32;1568,0;;2,8;;;https://www.gr-infos.com/gr651.htm
GR®652 Voie de Rocamadour;342,0;8356,0;;17,0;;;https://www.gr-infos.com/gr652.htm
GR®653 Voie d'Arles  - Via Tolosana;807,0;13688,0;des villes historiques comme Saint-Gilles ou Saint-Guilhem-le-DÃ;37,8;;;https://www.gr-infos.com/gr653.htm
GR®653A Via Aurelia;393,0;7410,0;la France de Menton;18,7;;;https://www.gr-infos.com/gr653_A.htm
GR®653D Via Domitia;433,0;10502,0;;21,5;;;https://www.gr-infos.com/gr653_D.htm
GR®654 Via Lemovicensis;1570,0;17680,0;;69,9;;;https://www.gr-infos.com/gr654.htm
GR®654 EST De Bergerac (Dordogne) à Montréal-du-Gers (Gers);183,0;2767,0;;8,4;;;https://www.gr-infos.com/gr654_EST.htm
GR®655 Via Turonensis;1492,0;9274,0;;63,4;;;https://www.gr-infos.com/gr655.htm
GR®670 De Nasbinals à St Germain de Calberte (Lozère);174,0;5393,0;;9,1;;;https://www.gr-infos.com/gr670.htm
GR®700 Chemin de la Régordane;244,0;0,0;;9,8;;;https://www.gr-infos.com/gr700.htm
GR®703 Chemin historique de Jeanne d'Arc;235,0;3572,0;plusieurs villages et sites qui ont marquÃ;10,8;;;https://www.gr-infos.com/gr703.htm
GR®714 De Bar-le-Duc (Meuse) à Dombrot-le-Sec (Vosges);158,0;2110,0;;7,2;;;https://www.gr-infos.com/gr714.htm
GR®736 Vallée et Gorges du Tarn;303,0;9785,0;;16,0;;;https://www.gr-infos.com/gr736.htm
GR®738 Haute Traversée de Belledonne;124,0;10159,0;;9,0;;;https://www.gr-infos.com/gr738.htm
GR®765 De Cluny (Saône-et-Loire) au Puy-en-Velay (Haute-Loire);323,0;6479,0;nt des villages pittoresques tels que Sainte-CÃ;15,5;;;https://www.gr-infos.com/gr765.htm
GR®765 EST De Lyon (RhÃ´ne) au Puy-en-Velay (Haute-Loire);189,0;5014,0;les dÃ;9,6;;;https://www.gr-infos.com/gr765_EST.htm
GR®782 Chemin Henri IV;48,0;321,0;;2,0;;;https://www.gr-infos.com/gr782.htm
GR®787 De St-Gervais-sur-Mare à Capestang (Hérault);57,0;1385,0;;2,8;;;https://www.gr-infos.com/gr787.htm
GR®800 Sentier de la Somme;225,0;946,0;les dÃ;9,4;;;https://www.gr-infos.com/gr800.htm
GR®861 Via Garona;166,0;2104,0;;7,5;;;https://www.gr-infos.com/gr861.htm
GR®965 Sur les pas des Huguenots;409,0;14736,0;;22,3;;;https://www.gr-infos.com/gr965.htm
GR®2013 Marseille-Provence (Bouches-du-Rhône);346,0;6213,0;;16,3;;;https://www.gr-infos.com/gr2013.htm
GR®R1 Tour du Piton des Neiges;52,0;4614,0;;3,9;;;https://www.gr-infos.com/grr1.htm
GR®R2 De St Denis à Le Baril (St Philippe);134,0;10122,0;;9,4;;;https://www.gr-infos.com/grr2.htm
GR®R3 Tour du cirque de Mafate;37,0;3729,0;;3,0;;;https://www.gr-infos.com/grr3.htm
De Calenzana à Corscia (Haute-Corse);73,0;4299,0;;4,6;;;https://www.gr-infos.com/grp-corse-transhumance.htm
(Nord) De Calenzana (Haute-Corse) à Cargèse (Corse-du-Sud);122,0;7180,0;;7,8;;;https://www.gr-infos.com/grp-corse-mareemonti-nord.htm
(Sud) De Porticcio à Propriano (Corse-du-Sud);74,0;2844,0;;4,1;;;https://www.gr-infos.com/grp-corse-mareemonti-sud.htm
(Nord) De San-Nicolao (Haute-Corse) à Cargèse (Corse-du-Sud);139,0;7739,0;;8,7;;;https://www.gr-infos.com/grp-corse-mareamare-nord.htm
(Centre) De Serra-di-Fiumorbo (Haute-Corse) à Grosseto-Prugna (Corse-du-Sud);84,0;4463,0;;5,1;;;https://www.gr-infos.com/grp-corse-mareamare-centre.htm
(Sud) De Porto-Vecchio à Propriano (Corse-du-Sud);82,0;3748,0;;4,8;;;https://www.gr-infos.com/grp-corse-mareamare-sud.htm
Tour de France;8405,0;156714,0;;398,9;;;https://www.gr-infos.com/grp-france.htm
Tour des Monts d'Ambazac (Haute-Vienne);124,0;2280,0;;5,9;;;https://www.gr-infos.com/grp-ambazac.htm
Tour de la Montagne Ardéchoise (Lozère-Ardèche);242,0;7349,0;des paysages variÃ;12,6;;;https://www.gr-infos.com/grp-ardechoise.htm
Tour des Monts Aubrac (Lozère-Aveyron-Cantal);167,0;3530,0;;8,1;;;https://www.gr-infos.com/grp-aubrac.htm
Tour de l'Avallonnais (Yonne, Nièvre);194,0;3194,0;;9,0;;;https://www.gr-infos.com/grp-avallonnais.htm
Tour du Mont des Avaloirs (Mayenne, Orne, Sarthe);122,0;1680,0;;5,6;;;https://www.gr-infos.com/grp-avaloirs.htm
Tour du Pays de Gaston Bachelard (Aube);29,0;666,0;;1,4;;;https://www.gr-infos.com/grp-bachelard.htm
Tour du Balcon du Valromey (Ain);105,0;2476,0;du Valromey est un petit coin de paradis situé dans le département de l;5,2;;;https://www.gr-infos.com/grp-balcon-valromey.htm
Tour des Baronnies provençales (Drôme);222,0;10345,0;;13,0;;;https://www.gr-infos.com/grp-baronnies.htm
Tour des Baronnies de Bigorre (Hautes-Pyrénées);65,0;2662,0;;3,7;;;https://www.gr-infos.com/grp-baronnies-de-bigorre.htm
Tour du Pays Bigouden (Finistere);97,0;259,0;;4,0;;;https://www.gr-infos.com/grp-bigouden.htm
Tour des Monts de Blond (Haute-Vienne);80,0;1237,0;;3,7;;;https://www.gr-infos.com/grp-blond.htm
Tour de Bordeaux (Gironde);121,0;548,0;;5,1;;;https://www.gr-infos.com/grp-bordeaux.htm
Tour du Boulonnais (Pas-de-Calais);116,0;1287,0;;5,2;;;https://www.gr-infos.com/grp-boulonnais.htm
Tour du Pays de la Brenne (Vienne, Indre, Indre-et-Loire);307,0;1949,0;;13,1;;;https://www.gr-infos.com/grp-brenne.htm
Tour de la Bresse Comtoise (Jura);105,0;1060,0;;4,6;;;https://www.gr-infos.com/grp-bresse-comtoise.htm
Tour du Buëch (Hautes-Alpes, Drôme);215,0;10984,0;;13,0;;;https://www.gr-infos.com/grp-buech.htm
Tour de BuÃ«ch et Méouge (Drôme, Hautes-Alpes);76,0;3593,0;;4,5;;;https://www.gr-infos.com/grp-buech-meouge.htm
Tour du Capcir (Pyrénées-Orientales);63,0;1828,0;;3,3;;;https://www.gr-infos.com/grp-capcir.htm
Tour du Carlit (Pyrénées-Orientales);50,0;2220,0;;2,9;;;https://www.gr-infos.com/grp-carlit.htm
Tour des Cascades, Landes et Tourbières (Creuse);63,0;1628,0;;3,2;;;https://www.gr-infos.com/grp-cascades-landes-tourbieres.htm
Tour du Pays de Caux vallée de Seine (Seine-Maritime);76,0;1485,0;;3,6;;;https://www.gr-infos.com/grp-caux-vallee-de-seine.htm
Tour de la Ceinture Verte d'Ile-de-France;262,0;2477,0;;11,5;;;https://www.gr-infos.com/grp-ceinture-verte-ile-de-france.htm
Tour de Cerdagne (Pyrénées-Orientales, Catalogne-Espagne);75,0;1923,0;;3,8;;;https://www.gr-infos.com/grp-cerdagne.htm
Tour de la vallée de l'Ain au Pays de Cerdon;57,0;1956,0;;3,1;;;https://www.gr-infos.com/grp-cerdon.htm
Le Cévenol (Lozère, Ardèche, Gard);96,0;3650,0;;5,3;;;https://www.gr-infos.com/grp-cevenol.htm
Tour de la Haute Vallée de la Cèze (Gard-Ardèche);57,0;2273,0;;3,2;;;https://www.gr-infos.com/grp-ceze.htm
Tour de la Haute Chalosse (Landes);52,0;614,0;;2,3;;;https://www.gr-infos.com/grp-chalosse.htm
Tour de Chartreuse (Isère, Savoie);104,0;6504,0;;6,8;;;https://www.gr-infos.com/grp-chartreuse.htm
Tour du Chassezac (Lozère);46,0;1610,0;;2,5;;;https://www.gr-infos.com/grp-chassezac.htm
Tour du pays de ChÃ¢tillon-sur-Indre (Indre);56,0;471,0;;2,4;;;https://www.gr-infos.com/grp-chatillon-sur-indre.htm
Circuit du cidre dans le Pays d'Othe (Aube, Yonne);30,0;457,0;;1,4;;;https://www.gr-infos.com/grp-cidre.htm
Tour du Pays de Courbet (Doubs);106,0;2865,0;;5,4;;;https://www.gr-infos.com/grp-courbet.htm
Tour de la presqu'île de Crozon (Finistère);148,0;3370,0;;7,3;;;https://www.gr-infos.com/grp-crozon.htm
Tour de la Déodatie Nord (Vosges, Meurthe-et-Moselle);133,0;4240,0;;7,0;;;https://www.gr-infos.com/grp-deodatie-nord.htm
Tour de la Déodatie Sud (Vosges);173,0;5428,0;;9,1;;;https://www.gr-infos.com/grp-deodatie-sud.htm
Tour des Deux Bar (Aube);109,0;1685,0;;5,0;;;https://www.gr-infos.com/grp-deux-bar.htm
Tour du Pays de Dieulefit (Drôme);110,0;5037,0;;6,4;;;https://www.gr-infos.com/grp-dieulefit.htm
Traversée de la Dombes (Rhône-Ain);99,0;1320,0;Auvergne-Rhône-Alpes;4,5;;;https://www.gr-infos.com/grp-dombes.htm
Entre Dordogne et Ventadour (Corrèze);92,0;2368,0;;4,6;;;https://www.gr-infos.com/grp-dordogne-ventadour.htm
Tour du DuchÃ© de Normandie (Eure);104,0;336,0;;4,3;;;https://www.gr-infos.com/grp-duche-de-normandie.htm
Tour du pays d'Ecueillé (Indre);95,0;582,0;;4,0;;;https://www.gr-infos.com/grp-ecueille.htm
Entre Deux Lacs. De Avène Ã  Salagou (Hérault);48,0;1315,0;;2,4;;;https://www.gr-infos.com/grp-entre-deux-lacs.htm
Tour des  Gabariers (Corrèze);64,0;2281,0;;3,5;;;https://www.gr-infos.com/grp-gabariers.htm
Tour de la Vallée du Galeizon (Gard-Lozère);56,0;2189,0;;3,1;;;https://www.gr-infos.com/grp-galeizon.htm
Tour du CÅur de Gascogne (Gers);153,0;2463,0;;7,1;;;https://www.gr-infos.com/grp-gascogne.htm
Tour de la Gervanne (Drôme);101,0;4119,0;;5,7;;;https://www.gr-infos.com/grp-gervanne.htm
Tour des Gorges de la Loire (Haute-Loire);85,0;2141,0;;4,3;;;https://www.gr-infos.com/grp-gorges-de-la-loire.htm
Grands Crus. De Dijon à Santenay (Côte-d'Or);88,0;1774,0;;4,2;;;https://www.gr-infos.com/grp-grands-crus.htm
Tour de l'Ãle de Groix (Morbihan);25,0;411,0;;1,2;;;https://www.gr-infos.com/grp-groix.htm
Tour en Hautes Terres d'Oc (Tarn, Hérault);191,0;4575,0;;9,5;;;https://www.gr-infos.com/grp-hautes-terres-oc.htm
Tour de la Haute Vallée du Thoré (Tarn, Aude, Hérault);80,0;2343,0;;4,1;;;https://www.gr-infos.com/grp-haute-vallee-thore.htm
Tour des Hauts de Meuse;95,0;1623,0;;4,4;;;https://www.gr-infos.com/grp-hauts-de-meuse.htm
Tour de l'île d'Houat (Morbihan);14,0;64,0;;0,6;;;https://www.gr-infos.com/grp-houat.htm
Tour de Saint-Jacques (Aube, Yonne);44,0;757,0;;2,1;;;https://www.gr-infos.com/grp-jacques.htm
Tour du Pays de Jeanne d'Arc (Meuse, Vosges);55,0;805,0;;2,5;;;https://www.gr-infos.com/grp-jeanne-arc.htm
L’Échappée jurassienne;303,0;7326,0;;15,1;;;https://www.gr-infos.com/grp-jurassienne.htm
Tour du Lac de Grand-Lieu (Loire-Atlantique);70,0;130,0;;2,9;;;https://www.gr-infos.com/grp-lac-grand-lieu.htm
Tour des Lacs Amance et du Temple (Aube);45,0;263,0;;1,9;;;https://www.gr-infos.com/grp-lacs-amance-temple.htm
Tour du Larzac Méridional (Hérault-Gard);105,0;2721,0;;5,3;;;https://www.gr-infos.com/grp-larzac.htm
Tour des Lacs du Lévézou (Aveyron);103,0;2233,0;;5,0;;;https://www.gr-infos.com/grp-levezou-lacs.htm
Tour des Monts du Lévézou (Aveyron);109,0;2646,0;;5,4;;;https://www.gr-infos.com/grp-levezou-monts.htm
Tour de la Vienne Limousine (Vienne);91,0;798,0;;4,0;;;https://www.gr-infos.com/grp-limousine.htm
Tour sur Lo Camin d'Olt (Aveyron);122,0;4723,0;une variÃ;6,8;;;https://www.gr-infos.com/grp-lo-camin-olt.htm
Tour des Monts du Lomont (Doubs);118,0;3116,0;;6,0;;;https://www.gr-infos.com/grp-lomont.htm
Tour du sentier de la Loutre (Vendée);84,0;489,0;;3,6;;;https://www.gr-infos.com/grp-loutre.htm
Tour du Luberon (Vaucluse, Alpes-de-Haute-Provence);170,0;6188,0;;9,3;;;https://www.gr-infos.com/grp-luberon.htm
Tour de la Haute Vallée du Luech (Gard-Lozère);47,0;1785,0;montagneuse pittoresque avec des villages médiévaux et des cascades;2,6;;;https://www.gr-infos.com/grp-luech.htm
Tour de la montagne de Lure (Alpes-de-Haute-Provence, Drôme);115,0;4206,0;;6,3;;;https://www.gr-infos.com/grp-lure.htm
Tour des Coteaux du Lyonnais (Rhône);84,0;2212,0;;4,2;;;https://www.gr-infos.com/grp-lyonnais-coteaux.htm
Tour des Monts du Lyonnais (Rhône-Loire);103,0;3218,0;;5,4;;;https://www.gr-infos.com/grp-lyonnais-monts.htm
Tour de Robe de Bure et Cotte de Mailles (Haute-Loire);164,0;4691,0;une variÃ;8,4;;;https://www.gr-infos.com/grp-mailles.htm
Tour de la Mandragore (Charente, Haute-Vienne);86,0;956,0;;3,8;;;https://www.gr-infos.com/grp-mandragore.htm
Boucle sur le sentier des Maquisards (Aube);33,0;626,0;;1,6;;;https://www.gr-infos.com/grp-maquisards.htm
Marches de Bretagne. De Laval (Mayenne) à Vitré (Ille-et-Vilaine);74,0;630,0;;3,2;;;https://www.gr-infos.com/grp-marches-de-bretagne.htm
Tour du Pays des Marches de Gâtine (Deux-Sèvres, Vienne);189,0;1535,0;naturelle variée;8,2;;;https://www.gr-infos.com/grp-marches-de-gatine.htm
Tour des Marches de Meuse;99,0;1820,0;;4,7;;;https://www.gr-infos.com/grp-marches-de-meuse.htm
Tour de la Margeride (Lozère);195,0;4217,0;r laÂ Margeride;9,5;;;https://www.gr-infos.com/grp-margeride.htm
Tour de la Reine Margot (Puy-de-Dôme);56,0;1431,0;;2,8;;;https://www.gr-infos.com/grp-margot.htm
Tour des Méandres de l'Yonne;71,0;963,0;les MÃ;3,2;;;https://www.gr-infos.com/grp-meandres-yonne.htm
Tour du Causse Méjean (Lozère);118,0;3559,0;;6,1;;;https://www.gr-infos.com/grp-mejean.htm
Tour de MÃ©lusine (VendÃ©e);104,0;1234,0;;4,7;;;https://www.gr-infos.com/grp-melusine.htm
Tour du  Midi Corrézien (Corrèze);115,0;2990,0;de moyenne montagne;5,8;;;https://www.gr-infos.com/grp-midi-correzien.htm
Tour du Midi Quercy (Tarn-et-Garonne, Tarn, Lot);174,0;3227,0;;8,3;;;https://www.gr-infos.com/grp-midi-quercy.htm
Tour du plateau de Millevaches (Corrèze);58,0;1061,0;;2,7;;;https://www.gr-infos.com/grp-millevaches.htm
Tour des Dentelles de Montmirail (Vaucluse);57,0;1796,0;;3,0;;;https://www.gr-infos.com/grp-montmirail.htm
Tour du Morvan (NiÃ¨vre, SaÃ´ne-et-Loire, CÃ´te-d'Or, Yonne);231,0;6437,0;;11,8;;;https://www.gr-infos.com/grp-morvan.htm
Tour du Pays Nantais (Loire-Atlantique);164,0;870,0;le pays;6,9;;;https://www.gr-infos.com/grp-nantais.htm
Tour de l'Omois (Aisne, Marne, Oise);219,0;2961,0;cinq dÃ;9,9;;;https://www.gr-infos.com/grp-omois.htm
Tour des forÃªts d'Othe (Aube);52,0;828,0;;2,4;;;https://www.gr-infos.com/grp-othe.htm
Tour de l'Ãle d'Ouessant (Finistère);32,0;285,0;;1,4;;;https://www.gr-infos.com/grp-ouessant.htm
TraversÃ©e de Paris (Ouest-Est);18,0;183,0;r Ã  pied;0,8;;;https://www.gr-infos.com/grp-paris.htm
TraversÃ©e de Paris (Nord-Sud);21,0;148,0;r Ã  pied;0,9;;;https://www.gr-infos.com/grp-paris1.htm
TraversÃ©e de Paris (Ouest-Est-Sud);26,0;248,0;r Ã  pied;1,1;;;https://www.gr-infos.com/grp-paris2.htm
TraversÃ©e de Paris (Est-Ouest-Nord);23,0;85,0;r Ã  pied;1,0;;;https://www.gr-infos.com/grp-paris3.htm
Tour des Pérics (Pyrénées-Orientales, Ariège);46,0;2289,0;;2,8;;;https://www.gr-infos.com/grp-perics.htm
Tour des Petites Roches (Isère);40,0;2698,0;;2,7;;;https://www.gr-infos.com/grp-petites-roches.htm
Tour dans le Grand Pic St-Loup entre Londres et Buèges (Hérault);54,0;1081,0;;2,6;;;https://www.gr-infos.com/grp-pic-saint-loup-londres.htm
Tour dans le Grand Pic Saint-Loup de la Séranne aux gorges de l'Hérault;68,0;2107,0;;3,6;;;https://www.gr-infos.com/grp-pic-saint-loup-seranne.htm
Tour dans le Grand Pic Saint-Loup des Vignes aux Causses (Hérault);72,0;1123,0;les vignes de la AOC Pic Saint-Loup;3,3;;;https://www.gr-infos.com/grp-pic-saint-loup-vignes.htm
Tour dans le Grand Pic St-Loup par les villages (Hérault);47,0;966,0;;2,3;;;https://www.gr-infos.com/grp-pic-saint-loup-villages.htm
Tour de l'île de Porquerolles (Var);13,0;480,0;;0,7;;;https://www.gr-infos.com/grp-porquerolles.htm
Tour des crÃªtes de l'Ã®le de Port Cros (Var);7,6;232,0;;0,4;;;https://www.gr-infos.com/grp-port-cros.htm
Tour des Fiefs de Pouzauges (Vendée);63,0;781,0;;2,8;;;https://www.gr-infos.com/grp-pouzauges-fiefs.htm
Tour des Puys de Pouzauges (Vendée);58,0;775,0;;2,6;;;https://www.gr-infos.com/grp-pouzauges-puys.htm
Grande Traversée des Préalpes (Alpes-de-Haute-Provence, Hautes-Alpes);246,0;11808,0;nt des paysages diversifiÃ;14,6;;;https://www.gr-infos.com/grp-prealpes.htm
Tour en Provence Mines d'énergies Est (Bouches-du-Rhône);43,0;785,0;dès l;2,0;;;https://www.gr-infos.com/grp-provence-mines-energies-est.htm
Tour en Provence Mines d'énergies Nord (Bouches-du-Rhône);42,0;757,0;dès l;2,0;;;https://www.gr-infos.com/grp-provence-mines-energies-nord.htm
Tour en Provence Mines d'énergies Sud (Bouches-du-Rhône);64,0;1878,0;dès l;3,3;;;https://www.gr-infos.com/grp-provence-mines-energies-sud.htm
Tour du Massif de Rasteau (Vaucluse);39,0;815,0;;1,9;;;https://www.gr-infos.com/grp-rasteau.htm
Tour du Pays de Rétif de La Bretonne (Yonne);68,0;878,0;;3,1;;;https://www.gr-infos.com/grp-retif-bretonne.htm
Tour du Revermont (Ain, Jura);119,0;3639,0;riche en biodiversité;6,2;;;https://www.gr-infos.com/grp-revermont.htm
Tour de la Vallée de la Roanne (Drôme);78,0;3621,0;;4,6;;;https://www.gr-infos.com/grp-roanne.htm
Tour du Lac de Salagou (Hérault;25,0;751,0;;1,3;;;https://www.gr-infos.com/grp-salagou.htm
Tour des Vallées de la Sarce et de l'Hozain (Aube);80,0;815,0;;3,5;;;https://www.gr-infos.com/grp-sarce-hozain.htm
Tour du Causse Sauveterre (Lozère-Aveyron);162,0;4150,0;;8,1;;;https://www.gr-infos.com/grp-sauveterre.htm
Tour du bocage de Sèvre et Maine (Loire-Atlantique, Vendée);144,0;1182,0;;6,2;;;https://www.gr-infos.com/grp-sevre-et-maine-bocage.htm
Tour des collines de Sèvre et Maine (Vendée);83,0;876,0;;3,7;;;https://www.gr-infos.com/grp-sevre-et-maine-collines.htm
Tour du vignoble de Sèvre et Maine ( Loire-Atlantique, Vendée);120,0;630,0;;5,1;;;https://www.gr-infos.com/grp-sevre-et-maine-vignoble.htm
Tour de la Sologne (Loiret, Cher, Loir-et-Cher);217,0;574,0;;8,9;;;https://www.gr-infos.com/grp-sologne.htm
Sur les Pas des MaÃ®tres Sonneurs (Indre-Cher-Allier);189,0;2038,0;;8,4;;;https://www.gr-infos.com/grp-sonneurs.htm
Tour des  Gorges de la TruyÃ¨re (Cantal, Lozere);102,0;2493,0;;5,1;;;https://www.gr-infos.com/grp-truyere.htm
Tour de la Suisse normande (Calvados, Orne);110,0;2687,0;;5,5;;;https://www.gr-infos.com/grp-suisse-normande.htm
Tour de Sumène Artense (Cantal, Corrèze, Puy-de-Dôme);136,0;4182,0;;7,1;;;https://www.gr-infos.com/grp-sumene-artense.htm
Traversée de la Sylve d'Argenson (Deux-Sèvres, Charente-Maritime);42,0;279,0;;1,8;;;https://www.gr-infos.com/grp-sylve-argenson.htm
Tour du Tanargue (Ardèche);61,0;2664,0;;3,5;;;https://www.gr-infos.com/grp-tanargue.htm
Tour du Mont-Blanc (Haute-Savoie, Suisse et Italie);159,0;10383,0;;10,5;;;https://www.gr-infos.com/grp-TMB.htm
Tour des trois rivières (Ille-et-Vilaine, Loire-Atlantique);137,0;913,0;des paysages plus vallonnÃ;5,8;;;https://www.gr-infos.com/grp-trois-rivieres.htm
Tour des trois villages au pays Toy (Hautes-Pyrénées);9,0;422,0;;0,5;;;https://www.gr-infos.com/grp-troisvillages.htm
Tour de  Troyes (Aube);66,0;488,0;;2,8;;;https://www.gr-infos.com/grp-troyes.htm
Tour du Massif d'Uchaux (Vaucluse);45,0;930,0;;2,2;;;https://www.gr-infos.com/grp-uchaux.htm
Tour du Pays de Valençay (Indre, Loir-et-Cher);225,0;1515,0;;9,6;;;https://www.gr-infos.com/grp-valencay.htm
Tour des Monts de Vaucluse;66,0;2193,0;;3,5;;;https://www.gr-infos.com/grp-vaucluse.htm
Tour du Mont Ventoux (Drôme, Vaucluse);104,0;3497,0;;5,6;;;https://www.gr-infos.com/grp-ventoux.htm
Tour du Mont Ventoux par le sommet (Drôme, Vaucluse);61,0;2439,0;;3,4;;;https://www.gr-infos.com/grp-ventoux-sommet.htm
Tour des Gorges de la Vézère (Corrèze);46,0;1287,0;;2,4;;;https://www.gr-infos.com/grp-vezere.htm
Tour entre Vie et Yon (Vendée);88,0;438,0;nt une grande variÃ;3,7;;;https://www.gr-infos.com/grp-vie-yon.htm
Tour du Viganais (Gard);59,0;2427,0;;3,3;;;https://www.gr-infos.com/grp-viganais.htm
Sentier des Vins et Fromages (Yonne, Aube);111,0;1506,0;des paysages variÃ;5,0;;;https://www.gr-infos.com/grp-vins-fromages.htm
Tour de la Vologne (Vosges);146,0;3895,0;;7,4;;;https://www.gr-infos.com/grp-vologne.htm
Tour de la plaine de la WoÃ«vre (Meuse);75,0;795,0;;3,3;;;https://www.gr-infos.com/grp-woevre.htm
Tour de la Xaintrie Blanche (Corrèze);60,0;1431,0;;3,0;;;https://www.gr-infos.com/grp-xaintrie-blanche.htm
Tour de la Xaintrie Noire (Corrèze);61,0;1533,0;;3,1;;;https://www.gr-infos.com/grp-xaintrie-noire.htm
Traversée des Yvelines;72,0;514,0;;3,1;;;https://www.gr-infos.com/grp-yvelines.htm
Chemin de Saint Guilhem (LozÃ¨re, Aveyron, Gard, HÃ©rault);219,0;5436,0;;10,9;;;https://www.gr-infos.com/grp-st-guilhem.htm
GR®7;1467,0;38934,0;la France du nord au sud sur;74,3;;;https://www.gr-infos.com/gr7.htm
GR®70;268,0;0,0;des paysages variÃ;10,7;;;https://www.gr-infos.com/gr70.htm
GR®72;100,0;3199,0;Saint-Laurent-les-Bains;5,3;;;https://www.gr-infos.com/gr72.htm
GR®700;244,0;0,0;;9,8;;;https://www.gr-infos.com/gr700.htm
Cévenol;96,0;3650,0;;5,3;;;https://www.gr-infos.com/grp-cevenol.htm
GR®470 Sources et Gorges de l'Allier;180,0;5753,0;;9,5;;;https://www.gr-infos.com/gr470.htm
Montagne Ardéchoise;242,0;7349,0;des paysages variÃ;12,6;;;https://www.gr-infos.com/grp-ardechoise.htm
Margeride;195,0;4217,0;r laÂ Margeride;9,5;;;https://www.gr-infos.com/grp-margeride.htm
